,title,link,tags,company,time,skills,salary
0,"Manager, Project Management",https://hirify.me/jobs/440575-manager-project-management,"['fulltime', 'lead']",Company hidden,4 seconds ago,"['budgeting', 'project management', 'stakeholder management', 'project planning', 'resource management']",
1,Hearing Instrument Specialist/Audiologist (Medtech),https://hirify.me/jobs/440574-hearing-instrument-specialist-audiologist,"['onsite', 'US', 'fulltime']",Company hidden,1 minute ago,"['sales', 'licensing', 'patient care', 'audiology', 'hearing aids']",['65 000 - 90 000\n$']
2,Senior Financial Institutions Underwriter (Fintech),https://hirify.me/jobs/440573-senior-financial-institutions-underwriter,"['onsite', 'Spain', 'fulltime', 'senior']",Company hidden,2 minutes ago,"['english', 'spanish', 'italian', 'underwriting', 'insurance', '+2 skills']",
3,Customer Solutions Design Manager,https://hirify.me/jobs/440572-customer-solutions-design-manager,"['hybrid', 'UK', 'fulltime']",Company hidden,3 minutes ago,"['risk management', 'cisco', 'stakeholder management', 'hpe', 'lan', '+6 skills']",
4,Contract And Commercial Manager,https://hirify.me/jobs/440571-contract-commercial-manager,"['onsite', 'Canada', 'fulltime', 'middle']",Company hidden,3 minutes ago,"['data analysis', 'stakeholder management', 'french', 'contract management', 'commercial acumen']",
5,Head Of Estates,https://hirify.me/jobs/440570-head-of-estates-management,"['remote (United_kingdom)', 'UK', 'fulltime', 'head']",Company hidden,3 minutes ago,"['communication skills', 'project management', 'budget management', 'leadership', 'mrics']",['49 601 - 60 000\nGBP']
6,Gender Advisor,https://hirify.me/jobs/440569-gender-advisor,"['onsite', 'Syria', 'fulltime']",Company hidden,3 minutes ago,"['english', 'arabic', 'women empowerment', 'gender', 'gender mainstreaming', '+1 skills']",
7,Satcom 24/7 Service & Operations Engineer,https://hirify.me/jobs/440568-satcom-service-operations-engineer,"['onsite', 'UK', 'fulltime']",Company hidden,3 minutes ago,"['teamwork', 'problem solving', 'customer focus', 'satellite communications', 'sc clearance']",
8,Meal Assistant,https://hirify.me/jobs/440567-meal-assistant,"['onsite', 'SS', 'fulltime']",Company hidden,3 minutes ago,"['english', 'reporting', 'monitoring', 'data collection', 'evaluation', '+2 skills']",
9,Director Of Acquisitions (Industrial),https://hirify.me/jobs/440566-director-acquisitions-industrial-real-estate,"['hybrid', 'US', 'fulltime', 'director']",Company hidden,3 minutes ago,"['ai', 'market analysis', 'real estate', 'underwriting', 'acquisitions', '+2 skills']",
10,Cafe Back Of House Team Member,https://hirify.me/jobs/440565-cafe-back-house-team,"['onsite', 'UK', 'fulltime']",Company hidden,4 minutes ago,"['customer service', 'communication', 'teamwork', 'health and safety', 'organisation']",
11,Senior Account Executive (SaaS),https://hirify.me/jobs/414826-senior-account-executive-saas,"['UK', 'fulltime', 'senior']",Company hidden,updated 11 minutes ago,"['sales', 'b2b', 'account management', 'saas', 'pipeline strategy', '+1 skills']",['170 000\nGBP']
12,Senior Payment Strategy Manager (Fintech),https://hirify.me/jobs/440564-senior-payment-strategy-manager,"['remote (USA)', 'US', 'fulltime', 'senior']",Company hidden,12 minutes ago,"['project management', 'financial analysis', 'healthcare', 'revenue cycle', 'payment integrity', '+1 skills']",['140 000 - 160 000\n$']
13,Fractional Growth Consultant (Marketing),https://hirify.me/jobs/440563-fractional-growth-consultant-marketing,"['remote (Global)', 'project']",Company hidden,12 minutes ago,"['sql', 'analytics', 'performance marketing', 'growth marketing', 'conversion optimization', '+4 skills']",
14,Marketing Specialist - Web Production,https://hirify.me/jobs/440562-marketing-specialist-web-production,"['remote (USA)/hybrid', 'US', 'fulltime', 'middle']",Company hidden,14 minutes ago,"['photoshop', 'figma', 'seo', 'html', 'digital marketing', '+2 skills']",['80 200 - 97 800\n$']
15,"Principal Creative, Art Direction (Fintech)",https://hirify.me/jobs/440561-principal-creative-art-direction-fintech,"['remote (USA)', 'US', 'fulltime', 'senior']",Company hidden,14 minutes ago,"['blockchain', 'brand management', 'art direction', 'creative direction', 'digital assets', '+2 skills']",['172 500 - 222 500\n$']
16,"Marketing Intern, Creative Operations (Fintech)",https://hirify.me/jobs/440560-marketing-intern-creative-operations,"['remote (USA)/hybrid', 'US', 'fulltime', 'trainee']",Company hidden,15 minutes ago,"['communications', 'fintech', 'figma', 'project management', 'marketing', '+4 skills']",['20 - 20\n$']
17,"Special Counsel, Digital Assets (Fintech)",https://hirify.me/jobs/440559-special-counsel-digital-assets,"['remote (USA)', 'US', 'fulltime', 'senior']",Company hidden,15 minutes ago,"['fintech', 'ai', 'blockchain', 'legal', 'crypto', '+3 skills']",['200 000 - 262 500\n$']
18,Senior Field Marketing Specialist (Web3),https://hirify.me/jobs/440558-senior-field-marketing-specialist-web3,"['remote (USA)', 'US', 'fulltime', 'senior']",Company hidden,15 minutes ago,"['ai', 'google suite', 'b2b', 'web3', 'salesforce', '+5 skills']",['112 500 - 147 500\n$']
19,"Senior Counsel, Bank Regulatory (Fintech)",https://hirify.me/jobs/440557-senior-counsel-bank-regulatory,"['remote (USA)', 'US', 'fulltime', 'senior']",Company hidden,15 minutes ago,"['fintech', 'ai', 'chatgpt', 'gemini', 'digital assets', '+4 skills']",['230 000 - 297 500\n$']
20,"Manager, Trust Bank Operations & Strategy (Fintech)",https://hirify.me/jobs/440556-manager-trust-bank-operations-strategy,"['remote (USA)', 'US', 'fulltime']",Company hidden,16 minutes ago,"['project management', 'blockchain', 'risk management', 'stakeholder management', 'regulatory compliance', '+2 skills']",['140 000 - 185 000\n$']
21,Senior / Staff 3D Engine Software Engineer (Simulation),https://hirify.me/jobs/440555-3d-engine-software-engineer-simulation,"['hybrid', 'US', 'fulltime', 'senior/lead']",Company hidden,16 minutes ago,"['ai', 'python', 'c++', 'cuda', '3d graphics', '+3 skills']",['245 000 - 305 000\n$']
22,Head Of East Coast Sales (Adtech),https://hirify.me/jobs/440554-head-east-coast-sales,"['hybrid', 'UK', 'fulltime', 'head']",Company hidden,16 minutes ago,"['sales', 'ai', 'advertising', 'leadership', 'client management', '+2 skills']",['216 000 - 270 000\n$']
23,Business Development Representative,https://hirify.me/jobs/232800-business-development-representative,"['onsite', 'US', 'fulltime', 'middle']",Company hidden,updated 17 minutes ago,"['crm', 'sales', 'startup experience', 'ai', 'business development', '+5 skills']",['30 - 35\n$']
24,Vice President / Senior Vice President (Fintech),https://hirify.me/jobs/440553-vice-president-fintech-strategy,"['hybrid', 'US', 'fulltime', 'director']",Company hidden,17 minutes ago,"['fintech', 'strategy', 'm&a', 'kpis', 'financial services', '+3 skills']",['165 000 - 220 000\n$']
25,Community Manager (Gamedev),https://hirify.me/jobs/440552-community-manager-gamedev-sega,"['hybrid', 'US', 'fulltime', 'middle']",Company hidden,20 minutes ago,"['content creation', 'social media', 'analytics', 'community management', 'social media marketing', '+3 skills']",['100 000 - 125 000\n$']
26,"Account Manager, Channel (SaaS)",https://hirify.me/jobs/440551-account-manager-channel-saas,"['onsite', 'US', 'fulltime', 'middle']",Company hidden,20 minutes ago,"['b2b sales', 'account management', 'salesforce', 'saas', 'channel partnerships']",
27,Community Manager (Gamedev),https://hirify.me/jobs/440550-community-manager-gamedev-atlus,"['hybrid', 'US', 'fulltime', 'senior']",Company hidden,20 minutes ago,"['analytics', 'community management', 'social media marketing', 'gamedev', 'kpi', '+2 skills']",['100 000 - 125 000\n$']
28,Community Manager (Gamedev),https://hirify.me/jobs/440549-community-manager-gamedev-sega,"['hybrid', 'US', 'fulltime', 'middle']",Company hidden,20 minutes ago,"['content creation', 'social media', 'analytics', 'community management', 'social media marketing', '+3 skills']",['100 000 - 125 000\n$']
29,"Vp, People Business Partners & Talent Development (AI)",https://hirify.me/jobs/440548-people-business-partners-talent-development,"['hybrid', 'Australia', 'fulltime', 'director']",Company hidden,22 minutes ago,"['ai', 'saas', 'talent development', 'change management', 'executive presence', '+1 skills']",['209 400 - 389 000\nCAD']
30,Senior Product Designer (Fintech),https://hirify.me/jobs/440547-senior-product-designer-fintech,"['remote/hybrid', 'US', 'fulltime', 'senior']",Company hidden,23 minutes ago,"['fintech', 'ai', 'figma', 'user research', 'saas', '+5 skills']",['128 400 - 151 000\nCAD']
31,"Senior Manager, People Systems",https://hirify.me/jobs/440546-senior-manager-people-systems,"['remote (USA)', 'US', 'fulltime', 'senior']",Company hidden,23 minutes ago,"['ai', 'jira', 'system architecture', 'hris', 'data privacy', '+3 skills']",['181 000 - 213 000\n$']
32,Senior Product Designer (AI),https://hirify.me/jobs/440545-senior-product-designer-ai,"['remote (Canada/United_states)/hybrid', 'UK', 'fulltime', 'senior']",Company hidden,23 minutes ago,"['ai', 'figma', 'b2b', 'ux', 'ui', '+3 skills']",['128 400 - 151 000\nCAD']
33,Technical Producer II (AI),https://hirify.me/jobs/440544-technical-producer-machine-learning-ai,"['onsite', 'US', 'fulltime', 'middle']",Company hidden,25 minutes ago,"['agile', 'ai', 'data science', 'jira', 'scrum', '+2 skills']",['150 000 - 209 600\n$']
34,Principal Lighting Artist (Gamedev),https://hirify.me/jobs/440543-principal-lighting-artist-gamedev,"['onsite', 'US', 'fulltime', 'senior']",Company hidden,25 minutes ago,"['photoshop', 'python', 'maya', 'lighting', 'shaders', '+3 skills']",['206 700 - 289 000\n$']
35,Program Manager (Digital Marketing),https://hirify.me/jobs/440542-program-manager-integrated-service-strategy,"['remote (USA)', 'US', 'fulltime', 'senior']",Company hidden,25 minutes ago,"['marketing strategy', 'digital marketing', 'strategy', 'program management', 'growth marketing', '+2 skills']",['85 000 - 115 000\n$']
36,Senior Privacy Counsel,https://hirify.me/jobs/440541-senior-privacy-counsel,"['remote (USA)', 'US', 'fulltime', 'senior']",Company hidden,27 minutes ago,"['ai', 'ml', 'gdpr', 'data protection', 'privacy laws', '+2 skills']",['199 625 - 292 783\n$']
37,Revenue Intelligence Operations Manager (Sales),https://hirify.me/jobs/440540-revenue-intelligence-operations-manager-sales,"['hybrid', 'US', 'fulltime', 'middle/senior']",Company hidden,27 minutes ago,"['sales', 'ai', 'automation', 'saas', 'stakeholder management', '+2 skills']",['102 700 - 263 000\n$']
38,Ios Engineering Intern (Mobile Development),https://hirify.me/jobs/440539-ios-engineering-intern-mobile,"['onsite', 'US', 'fulltime', 'trainee']",Company hidden,27 minutes ago,"['ui', 'ios', 'swift', 'unit testing', 'startup', '+1 skills']",['55 - 65\n$']
39,Senior Privacy Counsel (Legaltech),https://hirify.me/jobs/440538-senior-privacy-counsel-legaltech,"['onsite', 'US', 'fulltime', 'senior']",Company hidden,27 minutes ago,"['ai', 'ml', 'gdpr', 'data protection', 'biometrics', '+2 skills']",
40,Frontend Software Engineering Intern (React),https://hirify.me/jobs/440537-frontend-software-engineering-react-intern,"['onsite', 'US', 'fulltime', 'trainee']",Company hidden,27 minutes ago,"['angular', 'javascript', 'typescript', 'css', 'react native', '+3 skills']",['55 - 65\n$']
41,Backend Software Engineering Intern (AI),https://hirify.me/jobs/440536-backend-software-engineering-intern,"['onsite', 'US', 'fulltime', 'trainee']",Company hidden,27 minutes ago,"['ai', 'python', 'go', 'kubernetes', 'redis', '+11 skills']",['55 - 65\n$']
42,"AVP, Enterprise Sales West (SaaS)",https://hirify.me/jobs/440535-avp-enterprise-sales-saas,"['remote (USA)/hybrid', 'US', 'fulltime', 'head']",Company hidden,27 minutes ago,"['cloud', 'salesforce', 'saas', 'sales management', 'c level communication', '+1 skills']",['170 300 - 263 900\n$']
43,Regional Marketing Manager,https://hirify.me/jobs/440534-regional-marketing-manager-anz,"['onsite', 'Australia', 'project', 'middle']",Company hidden,28 minutes ago,"['ai', 'saas', 'b2b marketing', 'abm', 'freelance', '+2 skills']",
44,AI Tutor (Audio Editing),https://hirify.me/jobs/440533-ai-tutor-audio-editing,"['remote (USA)', 'US', 'fulltime']",Company hidden,28 minutes ago,"['ai', 'sound design', 'startup', 'pro tools', 'reaper', '+8 skills']",['30 - 75\n$']
45,Commercial Lead (Fintech),https://hirify.me/jobs/440532-commercial-lead-fintech-partnerships,"['hybrid', 'UK', 'fulltime', 'lead']",Company hidden,29 minutes ago,"['sales', 'fintech', 'business development', 'negotiation', 'strategic partnerships', '+2 skills']",['171 600 - 214 800\n$']
46,Senior Sales Engineer (Medtech),https://hirify.me/jobs/440531-senior-sales-engineer-medtech,"['remote (USA)', 'US', 'fulltime', 'senior']",Company hidden,30 minutes ago,"['ai', 'python', 'sql', 'azure', 'r', '+5 skills']",['143 000 - 222 000\n$']
47,Spectrum Engineer,https://hirify.me/jobs/440530-spectrum-engineer,"['US', 'fulltime', 'middle']",Company hidden,31 minutes ago,"['matlab', 'telecom', 'rf', 'regulatory', 'space', '+2 skills']",['110 000 - 145 000\n$']
48,Digital Sales Representative (SaaS),https://hirify.me/jobs/440529-digital-sales-representative-saas,"['remote (USA)', 'US', 'fulltime', 'middle']",Company hidden,34 minutes ago,"['b2b sales', 'saas', 'cloud computing', 'solution selling', 'customer acquisition', '+1 skills']",['62 580 - 86 944\n$']
49,"Senior Product Designer, Ads Measurement",https://hirify.me/jobs/440528-senior-product-designer-ads-measurement,"['remote (USA)', 'US', 'fulltime', 'senior']",Company hidden,35 minutes ago,"['ai', 'ux', 'ui', 'product design', 'web', '+2 skills']",['180 200 - 252 300\n$']
50,Software Engineer Intern (Fall 2026),https://hirify.me/jobs/440527-software-engineer-intern,"['hybrid', 'US', 'fulltime', 'trainee']",Company hidden,38 minutes ago,"['ai', 'python', 'typescript', 'react', 'node']",['57 - 61\n$']
51,Senior Applied Scientist (AI),https://hirify.me/jobs/245779-senior-applied-scientist-ai,"['onsite', 'US', 'fulltime', 'senior']",Company hidden,updated 38 minutes ago,"['ai', 'python', 'llm', 'machine learning', 'pytorch', '+3 skills']",
52,"Technical Producer II (Game Development, AI)",https://hirify.me/jobs/440526-technical-producer-game-ai,"['fulltime', 'middle']",Company hidden,38 minutes ago,"['agile', 'ai', 'data science', 'jira', 'scrum', '+2 skills']",
53,Principal Lighting Artist (Gamedev),https://hirify.me/jobs/440525-principal-lighting-artist-gamedev,"['fulltime', 'senior']",Company hidden,38 minutes ago,"['photoshop', 'python', 'maya', 'lighting', 'shaders', '+2 skills']",
54,Staff Electrode Engineer,https://hirify.me/jobs/440524-staff-electrode-engineer-battery,"['onsite', 'US', 'fulltime', 'middle']",Company hidden,39 minutes ago,"['python', 'data analysis', 'databases', 'korean', 'mandarin', '+4 skills']",['151 000 - 191 000\n$']
55,Staff Electrolyte Engineer,https://hirify.me/jobs/440523-staff-electrolyte-engineer,"['onsite', 'US', 'fulltime', 'middle/senior']",Company hidden,40 minutes ago,"['data analysis', 'battery', 'failure analysis', 'li ion', 'electrochemical', '+2 skills']",['151 000 - 191 000\n$']
56,Staff Battery Engineer,https://hirify.me/jobs/440522-staff-battery-engineer,"['onsite', 'US', 'fulltime', 'middle/senior']",Company hidden,40 minutes ago,"['python', 'data analysis', 'mandarin', 'failure analysis', 'battery engineering', '+5 skills']",['151 000 - 191 000\n$']
57,Inbound Smb Sales Specialist (Fintech),https://hirify.me/jobs/440521-inbound-smb-sales-specialist-fintech,"['remote (USA)', 'US', 'fulltime']",Company hidden,1 hour ago,"['crm', 'sales', 'salesforce', 'cold calling', 'us']",
58,Technical Integration Engineer (Fintech),https://hirify.me/jobs/440520-technical-integration-engineer-fintech,"['onsite', 'US', 'fulltime', 'middle']",Company hidden,1 hour ago,"['fintech', 'startup experience', 'javascript', 'mongodb', 'api', '+4 skills']",['115 000 - 150 000\n$']
59,Senior Machine Learning Engineer (Medtech),https://hirify.me/jobs/440519-senior-machine-learning-engineer,"['remote (USA)', 'US', 'fulltime', 'senior']",Company hidden,1 hour ago,"['ai', 'python', 'aws', 'machine learning', 'pytorch', '+7 skills']",
60,Fullstack Software Engineer (AI),https://hirify.me/jobs/440518-fullstack-software-engineer-ai,"['fulltime', 'middle/senior']",Company hidden,1 hour ago,"['ai', 'python', 'sql', 'go', 'kubernetes', '+6 skills']",
61,Backend Software Engineer (AI),https://hirify.me/jobs/440517-backend-software-engineer-ai,"['fulltime', 'middle/senior']",Company hidden,1 hour ago,"['ai', 'java', 'python', 'sql', 'go', '+10 skills']",
62,It Support Engineer,https://hirify.me/jobs/440516-it-support-engineer-santiago-chile,"['onsite', 'Chile', 'fulltime', 'junior/middle']",Company hidden,1 hour ago,"['jira', 'active directory', 'microsoft office', 'servicenow', 'wi fi', '+4 skills']",
63,Regional Sales Director (Cybersecurity),https://hirify.me/jobs/440515-regional-sales-director-cybersecurity,"['remote (USA)', 'US', 'fulltime', 'director']",Company hidden,1 hour ago,"['sales', 'cybersecurity', 'enterprise sales', 'dlp', 'casb', '+2 skills']",['325 000 - 350 000\n$']
64,"Security Engineer, Product Security (Cybersecurity)",https://hirify.me/jobs/440514-security-engineer-product-security,"['remote (USA)', 'US', 'fulltime', 'middle/senior']",Company hidden,1 hour ago,"['python', 'go', 'typescript', 'security', 'devops', '+6 skills']",
65,"Senior Officer, Diversity, Equity & Inclusion (Africa, Europe & Middle East)",https://hirify.me/jobs/440513-senior-officer-diversity-equity-inclusion,"['onsite', 'Ethiopia', 'fulltime', 'senior']",Company hidden,1 hour ago,"['hr', 'leadership', 'organizational development', 'change management', 'inclusion', '+2 skills']",
66,Forward Deployment Engineer (Fintech),https://hirify.me/jobs/440512-forward-deployment-engineer-fintech,"['remote (USA)', 'US', 'fulltime', 'junior']",Company hidden,1 hour ago,"['fintech', 'python', 'backend', 'javascript', 'api', '+2 skills']",
67,"Senior Research Scientist, Global Health Modeling",https://hirify.me/jobs/440511-senior-research-scientist-health,"['onsite', 'US', 'fulltime', 'senior']",Company hidden,1 hour ago,"['python', 'data science', 'statistics', 'r', 'forecasting', '+2 skills']",['190 100 - 294 700\n$']
68,DLP Analyst (AI),https://hirify.me/jobs/440510-dlp-analyst-ai,"['onsite', 'US', 'fulltime', 'middle']",Company hidden,1 hour ago,"['ai', 'python', 'gdpr', 'siem', 'bash', '+9 skills']",
69,Regional Sales Director (Cybersecurity),https://hirify.me/jobs/440509-regional-sales-director-cybersecurity,"['remote (USA)', 'US', 'fulltime', 'director']",Company hidden,1 hour ago,"['crm', 'sales', 'cybersecurity', 'startup', 'enterprise sales', '+3 skills']",['325 000 - 350 000\n$']
70,Technical Solutions Consultant (AI),https://hirify.me/jobs/440508-technical-solutions-consultant-ai,"['remote (USA)', 'US', 'fulltime', 'middle/senior']",Company hidden,1 hour ago,"['ai', 'azure', 'api', 'aws', 'gcp', '+7 skills']",['130 000 - 160 000\n$']
71,Regional Sales Director (Cybersecurity),https://hirify.me/jobs/440507-regional-sales-director-cybersecurity,"['remote (USA)', 'US', 'fulltime', 'director']",Company hidden,1 hour ago,"['crm', 'sales', 'saas', 'cybersecurity', 'startup', '+4 skills']",['325 000 - 350 000\n$']
72,Special Education Quantitative Researcher,https://hirify.me/jobs/440506-special-education-quantitative-researcher,"['remote (USA)', 'US', 'fulltime', 'middle/senior']",Company hidden,1 hour ago,"['data analysis', 'r', 'quantitative research', 'stata', 'policy evaluation', '+1 skills']",['92 700 - 113 000\n$']
73,Regional Sales Director (Cybersecurity),https://hirify.me/jobs/440505-regional-sales-director-cybersecurity,"['remote (USA)', 'US', 'fulltime', 'director']",Company hidden,1 hour ago,"['crm', 'sales', 'cybersecurity', 'startup', 'dlp', '+3 skills']",['325 000 - 350 000\n$']
74,Senior Technical Product Manager (Web3),https://hirify.me/jobs/440504-senior-technical-product-manager-web3,"['remote (Global)', 'US', 'fulltime', 'senior']",Company hidden,1 hour ago,"['product management', 'typescript', 'web3', 'apis', 'rust', '+3 skills']",
75,Lead AI/ML Scientist (Cybersecurity),https://hirify.me/jobs/440503-lead-ai-ml-scientist,"['hybrid', 'US', 'fulltime', 'lead']",Company hidden,1 hour ago,"['startup experience', 'ai', 'java', 'ml', 'python', '+11 skills']",
76,"Senior Engineering Manager, Dev Tools (Web3)",https://hirify.me/jobs/440502-senior-engineering-manager-devtools,"['remote (Europe)', 'US', 'fulltime', 'lead']",Company hidden,1 hour ago,"['typescript', 'web3', 'leadership', 'rust', 'open source', '+3 skills']",
77,Product Marketing Manager (AI),https://hirify.me/jobs/440501-product-marketing-manager-ai,"['onsite', 'US', 'fulltime', 'middle/senior']",Company hidden,1 hour ago,"['ai', 'marketing analytics', 'product marketing', 'content marketing', 'startup', '+3 skills']",['120 000 - 140 000\n$']
78,Lead Sales Engineer (AI),https://hirify.me/jobs/440500-lead-sales-engineer-ai,"['onsite', 'US', 'fulltime', 'lead']",Company hidden,1 hour ago,"['ai', 'saas', 'cybersecurity', 'startup', 'solutions architecture', '+3 skills']",
79,Lead Sales Engineer (AI Security),https://hirify.me/jobs/440499-lead-sales-engineer-ai,"['remote (USA)', 'US', 'fulltime', 'lead']",Company hidden,1 hour ago,"['ai', 'cybersecurity', 'startup', 'software architecture', 'solutions architecture', '+3 skills']",
80,Customer Success Manager (EdTech),https://hirify.me/jobs/440498-customer-success-manager-edtech,"['remote (Germany)', 'UK', 'fulltime', 'middle']",Company hidden,1 hour ago,"['sales', 'english', 'communication', 'customer success', 'edtech', '+2 skills']",
81,Lead Sales Engineer (AI Security),https://hirify.me/jobs/440497-lead-sales-engineer-ai,"['remote (USA)', 'US', 'fulltime', 'lead']",Company hidden,1 hour ago,"['ai', 'communication skills', 'cybersecurity', 'startup', 'software architecture', '+4 skills']",
82,Sales Manager (EdTech),https://hirify.me/jobs/440496-sales-manager-edtech,"['remote (United_kingdom)', 'UK', 'fulltime', 'middle/senior']",Company hidden,1 hour ago,"['sales', 'b2b', 'account management', 'hubspot', 'startup', '+3 skills']",
83,Founding Channel Manager (West) (AI),https://hirify.me/jobs/440495-channel-manager-west-ai,"['US', 'fulltime']",Company hidden,1 hour ago,"['sales', 'ai', 'b2b', 'saas', 'cybersecurity', '+5 skills']",
84,Senior Platform Engineer,https://hirify.me/jobs/440494-senior-platform-engineer,"['hybrid', 'Norway', 'fulltime', 'senior']",Company hidden,1 hour ago,"['ai', 'python', 'go', 'kubernetes', 'ansible', '+6 skills']",
85,People Business Partner,https://hirify.me/jobs/440493-people-business-partner-hr,"['hybrid', 'UK', 'fulltime', 'middle/senior']",Company hidden,1 hour ago,"['project management', 'talent management', 'employee relations', 'hr policy', 'employee experience', '+2 skills']",
86,Founding Channel Manager (East) (AI),https://hirify.me/jobs/440492-channel-manager-ai-east,"['onsite', 'US', 'fulltime', 'lead']",Company hidden,1 hour ago,"['sales', 'ai', 'cybersecurity', 'startup', 'b2b saas', '+4 skills']",
87,Senior Go Developer,https://hirify.me/jobs/440491-senior-go-developer,"['hybrid', 'Norway', 'fulltime', 'senior']",Company hidden,1 hour ago,"['go', 'kubernetes', 'redis', 'terraform', 'mysql', '+4 skills']",
88,Enterprise Customer Success Manager (AI),https://hirify.me/jobs/440490-enterprise-customer-success-manager,"['hybrid', 'US', 'fulltime', 'middle/senior']",Company hidden,1 hour ago,"['ai', 'b2b', 'account management', 'security', 'customer success', '+3 skills']",['120 000 - 180 000\n$']
89,Account Manager (Sales) (EdTech),https://hirify.me/jobs/440489-account-manager-sales-edtech,"['remote (United_kingdom)/hybrid', 'UK', 'fulltime', 'middle']",Company hidden,1 hour ago,"['sales', 'b2b', 'account management', 'hubspot', 'go to market strategy', '+3 skills']",
90,Developer Relations Engineer (Web3),https://hirify.me/jobs/440488-developer-relations-engineer-web3,"['remote (Global)', 'fulltime', 'middle']",Company hidden,1 hour ago,"['go', 'typescript', 'spanish', 'blockchain', 'web3', '+5 skills']",
91,Staff Backend Software Engineer (Java/Scala),https://hirify.me/jobs/440487-backend-software-engineer-java-scala,"['remote (Canada)', 'Canada', 'fulltime', 'senior']",Company hidden,1 hour ago,"['java', 'sql', 'android', 'aws', 'gcp', '+4 skills']",['130 000 - 170 000\nCAD']
92,Research And Innovation Grants Specialist (Web3),https://hirify.me/jobs/440486-research-innovation-grants-specialist-web3,"['remote (United_kingdom)', 'UK', 'fulltime', 'middle/senior']",Company hidden,1 hour ago,"['budgeting', 'project management', 'blockchain', 'web3', 'compliance', '+4 skills']",
93,Devops Engineer (Web3),https://hirify.me/jobs/440485-devops-engineer-web3-cardano,"['remote (Global)', 'fulltime', 'middle/senior']",Company hidden,1 hour ago,"['kubernetes', 'devops', 'linux', 'blockchain', 'web3', '+9 skills']",
94,Technical Program Manager (Web3),https://hirify.me/jobs/440484-technical-program-manager-web3,"['remote (USA)', 'US', 'fulltime', 'middle/senior']",Company hidden,1 hour ago,"['blockchain', 'web3', 'github', 'startup', 'l2', '+4 skills']",
95,Junior Data Engineer,https://hirify.me/jobs/440483-junior-data-engineer,"['hybrid', 'US', 'fulltime', 'junior']",Company hidden,1 hour ago,"['java', 'python', 'sql', 'git', 'etl', '+2 skills']",
96,Cardiac And Pulmonary Rehab Telehealth Physician (Internal Medicine),https://hirify.me/jobs/440482-telehealth-physician-cardiac-pulmonary-rehab,"['remote (USA)', 'US', 'fulltime']",Company hidden,1 hour ago,"['startup', 'emr', 'telehealth', 'internal medicine', 'cardiology', '+3 skills']",
97,Cardiac And Pulmonary Rehab Telehealth Physician (Cardiologist),https://hirify.me/jobs/440481-telehealth-physician-cardiologist-rehab,"['remote (USA)', 'US', 'fulltime', 'senior']",Company hidden,1 hour ago,"['startup', 'medicine', 'telehealth', 'cardiology', 'clinical care', '+2 skills']",
98,Marketing Influencer/Community Intern,https://hirify.me/jobs/440480-marketing-influencer-community-intern,"['onsite', 'US', 'fulltime', 'trainee']",Company hidden,1 hour ago,"['social media', 'marketing', 'influencer marketing', 'esport', 'brand partnerships', '+1 skills']",['3 300 - 5 200\n$']
99,Performance Marketing Manager (Ecommerce),https://hirify.me/jobs/440479-performance-marketing-manager-ecommerce,"['remote (Global)/hybrid', 'Latvia', 'fulltime', 'middle/senior']",Company hidden,1 hour ago,"['english', 'performance marketing', 'affiliate marketing', 'ecommerce', 'startup', '+4 skills']",
100,Senior Product Manager (Fintech),https://hirify.me/jobs/440478-senior-product-manager-fintech,"['remote/hybrid', 'Japan', 'fulltime', 'senior']",Company hidden,1 hour ago,"['fintech', 'product management', 'b2b', 'api', 'e commerce', '+2 skills']",
101,Sourcing Team Lead (E-Commerce),https://hirify.me/jobs/440477-sourcing-team-lead-ecommerce,"['remote/hybrid', 'Latvia', 'fulltime', 'lead']",Company hidden,1 hour ago,"['project management', 'english', 'ecommerce', 'retail', 'data analytics', '+2 skills']",
102,Senior Website Visual Designer (UX/UI),https://hirify.me/jobs/440476-senior-website-visual-designer-uxui,"['remote (USA)', 'US', 'project', 'senior']",Company hidden,1 hour ago,"['figma', 'ux', 'ui', 'ga4', 'google workspace', '+3 skills']",['60 - 80\n$']
103,Senior Category Manager (E-Commerce),https://hirify.me/jobs/440475-senior-category-manager-ecommerce,"['remote/onsite', 'Latvia', 'fulltime', 'senior']",Company hidden,1 hour ago,"['english', 'e commerce', 'market research', 'data analytics', 'category management']",
104,Senior Application Security Engineer,https://hirify.me/jobs/440473-senior-application-security-engineer,"['remote/onsite', 'fulltime', 'senior']",Company hidden,1 hour ago,"['python', 'javascript', 'security', 'ruby', 'rust', '+5 skills']",
105,Legal Counsel (AI),https://hirify.me/jobs/440472-legal-counsel-ai,"['remote (Europe)/hybrid', 'Latvia', 'fulltime', 'middle/senior']",Company hidden,1 hour ago,"['ai', 'project management', 'english', 'privacy', 'e commerce', '+2 skills']",
106,Senior Site Reliability Engineer (DevOps),https://hirify.me/jobs/440470-senior-site-reliability-engineer,"['remote/hybrid', 'fulltime', 'senior']",Company hidden,1 hour ago,"['python', 'go', 'terraform', 'aws', 'ci cd', '+3 skills']",
107,Marketing Data Analyst (Ecommerce),https://hirify.me/jobs/440468-marketing-data-analyst-ecommerce,"['remote (Global)/hybrid', 'Portugal', 'fulltime', 'middle/senior']",Company hidden,1 hour ago,"['python', 'sql', 'data analysis', 'a b testing', 'marketing analytics', '+3 skills']",
108,Video Content Creator (Ecommerce),https://hirify.me/jobs/440465-video-content-creator-ecommerce,"['hybrid', 'Latvia', 'fulltime', 'middle']",Company hidden,1 hour ago,"['content creation', 'social media', 'editing', 'video production', 'paid ads', '+1 skills']",
109,Senior Website Visual Designer (Ux/Ui),https://hirify.me/jobs/440464-senior-website-visual-designer-uxui,"['remote (USA)', 'US', 'project', 'senior']",Company hidden,1 hour ago,"['figma', 'ux', 'ui', 'ga4', 'accessibility', '+5 skills']",['60 - 80\n$']
110,Lead Backend Developer (Go),https://hirify.me/jobs/440463-lead-backend-developer-go,"['remote (Europe)/hybrid', 'Latvia', 'fulltime', 'lead']",Company hidden,1 hour ago,"['go', 'kubernetes', 'redis', 'kafka', 'docker', '+5 skills']",
111,"Senior Corporate Counsel, Data Privacy (Healthcare)",https://hirify.me/jobs/440462-senior-corporate-counsel-data-privacy,"['remote (USA)', 'US', 'fulltime', 'senior']",Company hidden,1 hour ago,"['ai', 'gdpr', 'compliance', 'healthcare', 'data privacy', '+2 skills']",
112,IT Support Engineer,https://hirify.me/jobs/440461-it-support-engineer,"['remote/hybrid', 'Japan', 'fulltime', 'junior']",Company hidden,1 hour ago,"['technical support', 'jira', 'windows', 'macos', 'mdm', '+3 skills']",
113,Senior iOS Developer (Ecommerce),https://hirify.me/jobs/440460-senior-ios-developer-ecommerce,"['remote (Portugal)/hybrid', 'Latvia', 'fulltime', 'senior']",Company hidden,1 hour ago,"['ai', 'ios', 'swift', 'uikit', 'mvvm', '+4 skills']",
114,Senior ML Engineer (Search/Marketing Automation),https://hirify.me/jobs/440459-senior-ml-engineer-search-marketing,"['remote (Europe)/onsite', 'Latvia', 'fulltime', 'senior']",Company hidden,1 hour ago,"['ml', 'python', 'go', 'kubernetes', 'kafka', '+8 skills']",
115,Software Engineer (AI),https://hirify.me/jobs/440458-software-engineer-ai,"['remote (Europe)/hybrid', 'Latvia', 'fulltime', 'middle/senior']",Company hidden,1 hour ago,"['ai', 'ml', 'python', 'data', 'llm', '+3 skills']",
116,Senior Product Manager (ECommerce),https://hirify.me/jobs/440457-senior-product-manager-ecommerce,"['remote (Europe)/hybrid', 'Portugal', 'fulltime', 'senior', 'Relocation']",Company hidden,1 hour ago,"['analytics', 'product development', 'english', 'ecommerce', 'german', '+1 skills']",
117,Senior Backend Developer (Go),https://hirify.me/jobs/440456-senior-backend-developer-go,"['remote (Europe)/hybrid', 'Latvia', 'fulltime', 'senior']",Company hidden,1 hour ago,"['go', 'kubernetes', 'redis', 'kafka', 'linux', '+4 skills']",
118,Head Of Experience Design (AI),https://hirify.me/jobs/440455-head-experience-design-ai,"['remote (Europe)', 'Spain', 'fulltime', 'head']",Company hidden,1 hour ago,"['ai', 'ux', 'ui', 'product design', 'design system', '+1 skills']",
119,Global Hr Operations Lead,https://hirify.me/jobs/440454-global-hr-operations-lead,"['remote (Europe)/hybrid', 'Armenia', 'fulltime', 'lead']",Company hidden,1 hour ago,"['excel', 'automation', 'labor law', 'international hr', 'hr operations', '+1 skills']",
120,Senior Product Marketing Manager (SaaS),https://hirify.me/jobs/440453-senior-product-marketing-manager,"['remote (Europe)', 'Spain', 'fulltime', 'senior']",Company hidden,1 hour ago,"['saas', 'product marketing', 'stakeholder management', 'competitive analysis', 'go to market strategy', '+1 skills']",
121,Senior Backend Engineer (Platform),https://hirify.me/jobs/440452-senior-backend-engineer-platform,"['remote (Europe)', 'Spain', 'fulltime', 'senior']",Company hidden,1 hour ago,"['ai', 'java', 'kotlin', 'javascript', 'typescript', '+6 skills']",
122,Talent Acquisition (Gamedev),https://hirify.me/jobs/440451-talent-acquisition-gamedev,"['remote (USA)', 'US', 'fulltime', 'middle']",Company hidden,1 hour ago,"['recruiting', 'jira', 'confluence', 'talent acquisition', 'vfx', '+5 skills']",
123,Vp Marketing (SaaS),https://hirify.me/jobs/440450-vp-marketing-saas,"['remote (Global)', 'Germany', 'fulltime', 'director']",Company hidden,1 hour ago,"['ai', 'seo', 'saas', 'product marketing', 'brand positioning', '+4 skills']",
124,Senior Backend Engineer (Fintech),https://hirify.me/jobs/440449-senior-backend-engineer-fintech,"['remote (Europe)', 'Spain', 'fulltime', 'senior']",Company hidden,1 hour ago,"['ai', 'java', 'kotlin', 'kafka', 'linux', '+4 skills']",
125,Paid Acquisition Manager,https://hirify.me/jobs/440448-paid-acquisition-manager-marketing,"['remote (Europe)', 'Spain', 'fulltime', 'middle']",Company hidden,1 hour ago,"['ai', 'excel', 'english', 'performance marketing', 'google sheets', '+5 skills']",
126,Senior Machine Learning Engineer (AI),https://hirify.me/jobs/440447-senior-machine-learning-engineer-ai,"['Poland', 'fulltime', 'senior']",Company hidden,1 hour ago,"['ai', 'python', 'kubernetes', 'redis', 'kafka', '+5 skills']",
127,People Operations AI & Analytics Partner,https://hirify.me/jobs/440446-people-operations-ai-analytics-partner,"['remote (Global)', 'Germany', 'fulltime']",Company hidden,1 hour ago,"['ai', 'data analysis', 'automation', 'people operations', 'payroll', '+3 skills']",
128,Expert Fullstack Engineer,https://hirify.me/jobs/440445-expert-fullstack-engineer,"['remote (Europe)', 'Spain', 'fulltime', 'senior']",Company hidden,1 hour ago,"['ai', 'java', 'kotlin', 'terraform', 'aws', '+3 skills']",
129,Staff Product Manager (AI),https://hirify.me/jobs/440444-product-manager-ai-pipelines,"['onsite', 'US', 'fulltime', 'lead']",Company hidden,1 hour ago,"['ai', 'sql', 'product management', 'dbt', 'distributed systems', '+6 skills']",['236 000 - 339 200\n$']
130,Senior Executive It Support Specialist,https://hirify.me/jobs/440443-senior-executive-it-support,"['remote (USA)/onsite', 'US', 'fulltime', 'senior']",Company hidden,1 hour ago,"['ai', 'active directory', 'windows', 'macos', 'cybersecurity', '+4 skills']",
131,Staff Analog Layout Engineer,https://hirify.me/jobs/440442-analog-layout-engineer,"['onsite', 'US', 'fulltime', 'lead']",Company hidden,1 hour ago,"['analog', 'layout', 'electrical engineering', 'microelectronics', 'cadence virtuoso']",['108 220 - 162 100\n$']
132,Senior Staff Copywriter (Ai),https://hirify.me/jobs/440441-senior-staff-copywriter-ai,"['remote (USA)', 'US', 'fulltime', 'senior']",Company hidden,2 hours ago,"['ai', 'content creation', 'storytelling', 'copywriting', 'content management', '+3 skills']",['130 000 - 165 000\n$']
133,Senior Software Engineer (Cybersecurity),https://hirify.me/jobs/440440-senior-software-engineer-cybersecurity,"['hybrid', 'US', 'fulltime', 'senior']",Company hidden,2 hours ago,"['java', 'sql', 'go', 'backend', 'typescript', '+6 skills']",['155 000 - 194 000\n$']
134,Character Designer (Game Art),https://hirify.me/jobs/440439-character-designer-game-art,"['remote (USA)', 'fulltime', 'middle']",Company hidden,2 hours ago,"['photoshop', 'maya', 'zbrush', '3d', '2d', '+1 skills']",['89 752 - 135 000\n$']
135,Junior Animator (Gamedev),https://hirify.me/jobs/440438-junior-animator-gamedev,"['onsite', 'US', 'fulltime', 'junior']",Company hidden,2 hours ago,"['python', 'linux', 'maya', 'animation', 'motion capture', '+1 skills']",['59 300 - 77 800\n$']
136,"Senior Analyst, Vpp Performance",https://hirify.me/jobs/440437-senior-analyst-vpp-performance,"['remote (USA)', 'US', 'fulltime', 'senior']",Company hidden,2 hours ago,"['sql', 'analytics', 'tableau', 'looker', 'business intelligence', '+3 skills']",['150 000 - 180 000\n$']
137,AI Engineer Intern (Database Performance Knowledge),https://hirify.me/jobs/440436-ai-engineer-intern-database,"['remote (USA)', 'US', 'fulltime', 'trainee']",Company hidden,2 hours ago,"['ai', 'python', 'sql', 'vscode', 'rag pipeline']",['4 160 - 6 240\n$']
138,AI Solutions Intern (AI),https://hirify.me/jobs/440435-ai-solutions-intern-ai,"['remote (USA)', 'US', 'fulltime', 'trainee']",Company hidden,2 hours ago,"['ai', 'ml', 'python', 'data science', 'api', '+3 skills']",['4 160 - 6 240\n$']
139,Enterprise Solutions Engineer,https://hirify.me/jobs/440434-enterprise-solutions-engineer-api,"['onsite', 'US', 'fulltime']",Company hidden,2 hours ago,"['git', 'javascript', 'devops', 'api', 'saas', '+2 skills']",['200 000 - 245 000\n$']
140,Enterprise Solutions Engineer (Fintech),https://hirify.me/jobs/440433-enterprise-solutions-engineer-fintech,"['onsite', 'US', 'fulltime']",Company hidden,2 hours ago,"['javascript', 'devops', 'api', 'saas', 'cloud computing', '+1 skills']",['200 000 - 245 000\n$']
141,Enterprise Solutions Engineer,https://hirify.me/jobs/440432-enterprise-solutions-engineer-api,"['onsite', 'US', 'fulltime', 'middle/senior']",Company hidden,2 hours ago,"['git', 'javascript', 'devops', 'api', 'microservices', '+3 skills']",['200 000 - 245 000\n$']
142,Customer Marketing Manager (HCP),https://hirify.me/jobs/440431-customer-marketing-manager-hcp,"['hybrid', 'US', 'fulltime', 'middle/senior']",Company hidden,2 hours ago,"['sales', 'content creation', 'marketing', 'campaign management', 'omnichannel', '+2 skills']",['128 700 - 238 900\n$']
143,Security Control Specialist (Cybersecurity),https://hirify.me/jobs/440430-security-control-specialist-cybersecurity,"['remote/hybrid', 'fulltime', 'middle']",Company hidden,2 hours ago,"['linux', 'networking', 'siem', 'system administration', 'windows', '+7 skills']",
144,Travel Associate (Customer Support),https://hirify.me/jobs/440429-travel-associate-customer-support,"['remote', 'Canada', 'fulltime']",Company hidden,2 hours ago,"['sales', 'excel', 'customer service', 'word', 'gds', '+1 skills']",
145,Junior Data Analyst,https://hirify.me/jobs/440428-junior-data-analyst-looker,"['hybrid', 'Greece', 'fulltime', 'junior']",Company hidden,2 hours ago,"['ai', 'python', 'sql', 'data analysis', 'excel', '+4 skills']",
146,Business Affairs Executive,https://hirify.me/jobs/440427-business-affairs-executive-sports,"['onsite', 'US', 'fulltime']",Company hidden,2 hours ago,"['legal compliance', 'intellectual property', 'microsoft office', 'sports', 'labor law', '+3 skills']",
147,"Sr. Account Executive, Brand Consulting",https://hirify.me/jobs/440426-account-executive-brand-consulting,"['hybrid', 'US', 'fulltime', 'senior']",Company hidden,2 hours ago,"['social media', 'excel', 'project management', 'marketing', 'powerpoint', '+3 skills']",['71 000 - 90 000\n$']
148,Credentialing Manager,https://hirify.me/jobs/440425-credentialing-manager,"['onsite', 'US', 'fulltime']",Company hidden,2 hours ago,"['compliance', 'credentialing', 'health plan enrollment']",
149,Software Engineer (Java),https://hirify.me/jobs/440423-software-engineer-java,"['remote (Poland)/hybrid', 'Poland', 'fulltime', 'middle/senior']",Company hidden,2 hours ago,"['java', 'kubernetes', 'redis', 'oracle', 'spring', '+12 skills']",
150,Senior Business Analyst (Fintech),https://hirify.me/jobs/440424-senior-business-analyst-fintech,"['onsite', 'Netherlands', 'fulltime', 'senior']",Company hidden,2 hours ago,"['data analysis', 'finance', 'compliance', 'risk', 'credit risk', '+1 skills']",
151,Backend Engineer,https://hirify.me/jobs/440422-backend-engineer,"['onsite', 'UK', 'fulltime', 'middle/senior']",Company hidden,2 hours ago,"['java', 'python', 'spring', 'kafka', 'fastapi', '+3 skills']",
152,Senior Software Developer,https://hirify.me/jobs/440421-senior-software-developer,"['onsite', 'Netherlands', 'fulltime', 'senior']",Company hidden,2 hours ago,"['c#', '.net', 'azure', 'ci cd', 'software architecture', '+2 skills']",
153,Ai Security Specialist,https://hirify.me/jobs/440420-ai-security-specialist,"['hybrid', 'Netherlands', 'fulltime', 'middle/senior']",Company hidden,2 hours ago,"['ai', 'ml', 'security', 'azure', 'openai', '+3 skills']",
154,Project Manager,https://hirify.me/jobs/440419-project-manager-software-development,"['hybrid', 'Poland', 'fulltime', 'middle/senior']",Company hidden,2 hours ago,"['agile', 'software development', 'english', 'waterfall', 'german', '+1 skills']",
155,Associate Copy Editor,https://hirify.me/jobs/440418-associate-copy-editor,"['US', 'fulltime']",Company hidden,2 hours ago,"['agile', 'grammar', 'proofreading', 'punctuation', 'spelling', '+2 skills']",['43 984 - 105 600\n$']
156,Employment Relations Lawyer (Legaltech),https://hirify.me/jobs/440417-employment-relations-lawyer-legaltech,"['hybrid', 'Sweden', 'fulltime', 'middle/senior']",Company hidden,2 hours ago,"['hr', 'swedish', 'employment law', 'nordic', 'collective agreements', '+1 skills']",
157,Java Developer,https://hirify.me/jobs/440416-java-developer,"['remote', 'Mexico', 'fulltime', 'middle/senior']",Company hidden,2 hours ago,"['java', 'spring', 'angular', 'hibernate', 'soap', '+3 skills']",
158,Artwork Planning Coordinator (Cpg),https://hirify.me/jobs/440415-artwork-planning-coordinator-cpg,"['fulltime', 'middle']",Company hidden,2 hours ago,"['photoshop', 'project management', 'illustrator', 'indesign', 'fmcg', '+3 skills']",
159,Planning Executive,https://hirify.me/jobs/440414-planning-executive,"['hybrid', 'UK', 'fulltime', 'junior']",Company hidden,2 hours ago,"['excel', 'communication', 'powerpoint', 'ms office', 'stakeholder management', '+2 skills']",
160,Associate Commercial Counsel (AdTech),https://hirify.me/jobs/440413-associate-commercial-counsel-adtech,"['remote (USA)/hybrid/onsite', 'US', 'fulltime', 'middle']",Company hidden,2 hours ago,"['gdpr', 'legal', 'adtech', 'contract negotiation', 'data security', '+4 skills']",['115 747 - 208 344\n$']
161,Cash Analyst (Fintech),https://hirify.me/jobs/440412-cash-analyst-fintech,"['hybrid', 'Panama', 'fulltime', 'middle']",Company hidden,2 hours ago,"['finance', 'reporting', 'financial analysis', 'accounting', 'accounts receivable', '+1 skills']",
162,Senior Revenue Operations Analyst,https://hirify.me/jobs/440411-senior-revenue-operations-analyst,"['hybrid', 'Mexico', 'fulltime', 'senior']",Company hidden,2 hours ago,"['crm', 'sql', 'analytics', 'salesforce', 'saas', '+6 skills']",
163,Head Of Human Resources,https://hirify.me/jobs/440410-head-human-resources-shalion,"['hybrid', 'Spain', 'fulltime', 'head']",Company hidden,2 hours ago,"['hr', 'people operations', 'performance management', 'organizational design', 'international employment', '+1 skills']",
164,Store Manager (GameDev),https://hirify.me/jobs/440409-store-manager-gamedev,"['onsite', 'fulltime', 'lead']",Company hidden,2 hours ago,"['game development', 'retail', 'customer experience', 'warhammer']",
165,Conference Producer (Fintech),https://hirify.me/jobs/440408-conference-producer-fintech-events,"['hybrid', 'UK', 'fulltime', 'middle']",Company hidden,2 hours ago,"['sales', 'marketing', 'event production', 'relationship management', 'financial markets', '+2 skills']",
166,Senior Cloud Security Engineer (GenAI),https://hirify.me/jobs/440407-senior-cloud-security-engineer-genai,"['hybrid', 'US', 'fulltime', 'senior']",Company hidden,2 hours ago,"['ai', 'security', 'iam', 'devsecops', 'cloud security', '+2 skills']",['102 600 - 179 250\n$']
167,Quantitative Researcher (Fintech),https://hirify.me/jobs/440406-quantitative-researcher-fintech-models,"['onsite', 'US', 'fulltime', 'middle']",Company hidden,2 hours ago,"['python', 'data analysis', 'statistics', 'machine learning', 'mathematics', '+2 skills']",['170 000 - 180 000\n$']
168,Head Of Growth Marketing,https://hirify.me/jobs/440405-head-growth-marketing,"['remote (USA)', 'US', 'fulltime', 'head']",Company hidden,2 hours ago,"['ai', 'social media', 'analytics', 'user acquisition', 'mobile', '+3 skills']",['200 000 - 250 000\n$']
169,Senior Product Manager (Freelancer Plus),https://hirify.me/jobs/440404-senior-product-manager-freelancer,"['remote (USA)', 'US', 'project', 'senior']",Company hidden,2 hours ago,"['analytics', 'a b testing', 'product strategy', 'freelance', 'subscription', '+1 skills']",
170,Mid Market Strategy & Transformation Intern (Fintech),https://hirify.me/jobs/440403-mid-market-strategy-transformation-intern,"['onsite', 'US', 'fulltime', 'trainee']",Company hidden,2 hours ago,"['project management', 'analysis', 'financial modeling', 'strategy', 'program management', '+2 skills']",['39 - 57\n$']
171,"Group Manager, Quickbooks Customer Experience (Service Experiences)",https://hirify.me/jobs/440402-group-manager-quickbooks-customer-experience,"['US', 'fulltime', 'lead']",Company hidden,2 hours ago,"['ai', 'product management', 'customer success', 'saas', 'data analytics', '+2 skills']",['190 000 - 297 000\n$']
172,Product Marketing Manager (Medtech),https://hirify.me/jobs/440401-product-marketing-manager-medtech,"['remote (USA)', 'US', 'fulltime', 'middle']",Company hidden,2 hours ago,"['power bi', 'market analysis', 'product marketing', 'healthcare', 'medical device', '+2 skills']",['125 000 - 135 000\n$']
173,Database Reliability Engineer (PostgreSQL),https://hirify.me/jobs/440400-database-reliability-engineer-postgresql,"['remote (Canada)', 'Canada', 'fulltime', 'middle/senior']",Company hidden,2 hours ago,"['ai', 'python', 'go', 'linux', 'ansible', '+5 skills']",['126 100 - 140 100\nCAD']
174,Regional Director (Fintech),https://hirify.me/jobs/440399-regional-director-fintech-sales,"['onsite', 'US', 'fulltime', 'director']",Company hidden,2 hours ago,"['sales', 'financial services', 'etf', 'series 7', 'series 63', '+1 skills']",
175,Customs Customer Support Specialist,https://hirify.me/jobs/440398-customs-customer-support-specialist,"['onsite', 'US', 'fulltime', 'middle']",Company hidden,2 hours ago,"['customer service', 'english', 'spanish', 'customs brokerage', 'import documentation', '+1 skills']",
176,Senior Systems Engineer,https://hirify.me/jobs/440397-senior-systems-engineer,"['remote (USA)', 'US', 'fulltime', 'senior']",Company hidden,2 hours ago,"['java', 'python', 'kubernetes', 'terraform', 'aws', '+2 skills']",
177,Business Manager,https://hirify.me/jobs/440396-business-manager,['fulltime'],Company hidden,2 hours ago,"['communication', 'interpersonal skills', 'business management']",
178,Hr Generalist,https://hirify.me/jobs/440395-hr-generalist-avetta,"['hybrid', 'Canada', 'fulltime', 'middle']",Company hidden,2 hours ago,"['hr', 'onboarding', 'ms office', 'employee relations', 'hris', '+4 skills']",
179,Field Advisor Enablement Consultant (Fintech),https://hirify.me/jobs/440394-field-advisor-enablement-consultant,"['onsite', 'US', 'fulltime', 'middle']",Company hidden,2 hours ago,"['training', 'content management', 'stakeholder management', 'enablement', 'insurance', '+4 skills']",['84 100 - 110 300\n$']
180,Hr Generalist,https://hirify.me/jobs/440393-hr-generalist,"['hybrid', 'US', 'fulltime', 'middle']",Company hidden,2 hours ago,"['ai', 'hr', 'onboarding', 'ms office', 'employee relations']",
181,Forward Deployed Engineer - AI Solutions (AI),https://hirify.me/jobs/440392-forward-deployed-engineer-ai,"['remote (USA)', 'US', 'fulltime', 'middle']",Company hidden,2 hours ago,"['crm', 'ai', 'python', 'erp', 'api', '+3 skills']",
182,Generative AI Solutions Consultant (AI),https://hirify.me/jobs/440391-generative-ai-solutions-consultant,"['remote (Canada)', 'Canada', 'fulltime', 'middle']",Company hidden,2 hours ago,"['ai', 'python', 'javascript', 'llm', 'rag', '+5 skills']",['104 300 - 136 800\nCAD']
183,Video Producer (Fintech),https://hirify.me/jobs/440389-video-producer-fintech-relay,"['hybrid', 'US', 'fulltime', 'middle']",Company hidden,2 hours ago,"['fintech', 'ai', 'youtube', 'motion design', 'after effects', '+6 skills']",['108 000 - 132 000\n$']
184,Customer Service Representative,https://hirify.me/jobs/440390-customer-service-representative-remote,"['remote (USA)', 'Mexico', 'fulltime']",Company hidden,2 hours ago,"['communication skills', 'customer service', 'salesforce', 'problem solving', 'zendesk', '+1 skills']",
185,Sr Partner Sales Manager (Fintech),https://hirify.me/jobs/440388-partner-sales-manager-fintech,"['remote (USA)', 'US', 'fulltime', 'senior']",Company hidden,2 hours ago,"['sales', 'fintech', 'ai', 'business development', 'partnerships', '+3 skills']",['190 000 - 230 000\n$']
186,Partner Sales Manager (AI),https://hirify.me/jobs/440387-partner-sales-manager-ai,"['remote (USA)', 'US', 'fulltime', 'middle/senior']",Company hidden,2 hours ago,"['sales', 'ai', 'business development', 'salesforce', 'channel sales', '+3 skills']",['160 000 - 210 000\n$']
187,Senior People Systems & Operations Specialist,https://hirify.me/jobs/440386-senior-people-systems-operations-specialist,"['remote (USA)', 'US', 'fulltime', 'senior']",Company hidden,2 hours ago,"['ai', 'people operations', 'startup', 'hris', 'data governance', '+7 skills']",['98 000 - 142 000\n$']
188,Senior Developer Advocacy Engineer (AI),https://hirify.me/jobs/440385-senior-developer-advocacy-engineer,"['remote (Germany)', 'Germany', 'fulltime', 'senior']",Company hidden,2 hours ago,"['ai', 'go', 'kubernetes', 'typescript', 'prometheus', '+5 skills']",['97 034 - 116 441\n€']
189,Senior Developer Advocacy Engineer (AI),https://hirify.me/jobs/440384-senior-developer-advocacy-engineer,"['remote (Spain)', 'Spain', 'fulltime', 'senior']",Company hidden,2 hours ago,"['ai', 'go', 'kubernetes', 'typescript', 'prometheus', '+6 skills']",['82 988 - 99 586\n€']
190,Senior Developer Advocacy Engineer (AI),https://hirify.me/jobs/440383-senior-developer-advocacy-engineer,"['remote (United_kingdom)', 'UK', 'fulltime', 'senior']",Company hidden,2 hours ago,"['ai', 'go', 'kubernetes', 'typescript', 'grafana', '+4 skills']",['91 755 - 110 106\nGBP']
191,Senior Developer Advocacy Engineer (AI),https://hirify.me/jobs/440382-senior-developer-advocacy-engineer,"['remote (Sweden)', 'Sweden', 'fulltime', 'senior']",Company hidden,2 hours ago,"['ai', 'go', 'kubernetes', 'typescript', 'grafana', '+4 skills']",['775 444 - 930 533\nSEK']
192,Revenue Operations Analyst (SaaS),https://hirify.me/jobs/440381-revenue-operations-analyst-saas,"['hybrid', 'US', 'fulltime', 'middle']",Company hidden,2 hours ago,"['crm', 'ai', 'sql', 'excel', 'salesforce', '+3 skills']",['644 000 - 966 000\nMXN']
193,Senior Logging & Detection Engineer (AI),https://hirify.me/jobs/440380-senior-logging-detection-engineer,"['remote/hybrid', 'Canada', 'fulltime', 'senior']",Company hidden,2 hours ago,"['ai', 'python', 'sql', 'go', 'azure', '+15 skills']",['149 600 - 202 400\nCAD']
194,Senior Analytics Engineer (Data),https://hirify.me/jobs/440379-senior-analytics-engineer-data,"['remote (USA)', 'US', 'fulltime', 'senior']",Company hidden,2 hours ago,"['ai', 'testing', 'analytics', 'dbt', 'documentation', '+5 skills']",['127 651 - 153 180\n$']
195,Senior Data Consultant,https://hirify.me/jobs/440378-senior-data-consultant,"['remote (USA)', 'US', 'fulltime', 'senior']",Company hidden,2 hours ago,"['agile', 'ai', 'cloud', 'devops', 'data governance', '+3 skills']",['175 000 - 205 000\n$']
196,Senior AI Research Engineer (AI),https://hirify.me/jobs/440377-senior-ai-research-engineer,"['hybrid', 'Australia', 'fulltime', 'senior']",Company hidden,2 hours ago,"['ai', 'python', 'data science', 'llm', 'machine learning', '+3 skills']",
197,Senior Communications Specialist (Social Media),https://hirify.me/jobs/440376-senior-communications-specialist-social-media,"['remote (Europe)', 'fulltime', 'senior']",Company hidden,2 hours ago,"['communications', 'ai', 'video', 'social media', 'analytics', '+2 skills']",
198,Senior Developer Advocacy Engineer (AI),https://hirify.me/jobs/440375-senior-developer-advocacy-engineer-ai,"['remote (Ireland)', 'Ireland', 'fulltime', 'senior']",Company hidden,2 hours ago,"['ai', 'go', 'kubernetes', 'typescript', 'open source', '+3 skills']",['104 000 - 124 800\n€']
199,Software Engineer (Ramp Travel),https://hirify.me/jobs/440374-software-engineer-ramp-travel,"['remote (USA)', 'US', 'fulltime', 'middle/senior']",Company hidden,2 hours ago,"['ai', 'python', 'backend', 'startup', 'system design', '+3 skills']",['160 000 - 220 000\n$']
200,Senior Analytics Engineer (Data),https://hirify.me/jobs/440373-senior-analytics-engineer-data,"['remote (USA)', 'Canada', 'fulltime', 'senior']",Company hidden,2 hours ago,"['ai', 'analytics', 'dbt', 'aws', 'gcp', '+3 skills']",['129 392 - 155 272\nCAD']
201,"Senior Developer, Enterprise AI",https://hirify.me/jobs/440372-senior-developer-enterprise-ai,"['remote (Canada)/hybrid', 'Canada', 'fulltime', 'senior']",Company hidden,2 hours ago,"['ai', 'python', 'sql', 'dbt', 'llm', '+2 skills']",['149 600 - 176 000\nCAD']
202,"Manager, Enterprise AI (AI)",https://hirify.me/jobs/440371-manager-enterprise-ai-ai,"['hybrid', 'UK', 'fulltime']",Company hidden,2 hours ago,"['ai', 'python', 'sql', 'security', 'dbt', '+6 skills']",['176 000 - 264 000\nCAD']
203,"Manager, Customer Success, SLED",https://hirify.me/jobs/440370-manager-customer-success-sled,"['hybrid', 'US', 'fulltime']",Company hidden,2 hours ago,"['b2b', 'account management', 'salesforce', 'customer success', 'saas', '+2 skills']",
204,Recruiting Coordinator (Hrtech),https://hirify.me/jobs/440369-recruiting-coordinator-hrtech,"['onsite', 'US', 'fulltime']",Company hidden,2 hours ago,"['zoom', 'scheduling', 'ats', 'asana', 'hrtech', '+2 skills']",['40 - 48\n$']
205,Accounts Payable & Process Specialist (Fintech),https://hirify.me/jobs/440368-accounts-payable-process-specialist,"['onsite', 'Germany', 'fulltime', 'middle/senior']",Company hidden,2 hours ago,"['finance', 'english', 'automation', 'sap', 'startup', '+5 skills']",
206,Senior Software Engineer,https://hirify.me/jobs/151574-senior-software-engineer,"['onsite', 'US', 'fulltime', 'senior']",Company hidden,updated 2 hours ago,"['python', 'kubernetes', 'kafka', 'django', 'terraform', '+9 skills']",['130 000 - 250 000\n$']
207,"Manager, Web & Digital",https://hirify.me/jobs/440367-manager-web-digital-marketing,"['hybrid', 'US', 'fulltime']",Company hidden,2 hours ago,"['seo', 'digital marketing', 'content management', 'web', 'web analytics', '+1 skills']",['104 977 - 194 958\n$']
208,Principal Technical Product Manager (AI),https://hirify.me/jobs/440366-principal-technical-product-manager-ai,"['US', 'fulltime', 'senior']",Company hidden,2 hours ago,"['ai', 'gamedev', 'llm', 'machine learning', 'product roadmap', '+2 skills']",['229 200 - 319 500\n$']
209,"Social, Community & Influencers Manager (Gamedev)",https://hirify.me/jobs/440365-social-community-influencers-manager-gamedev,"['hybrid', 'Brazil', 'fulltime', 'lead']",Company hidden,2 hours ago,"['social media', 'community management', 'digital marketing', 'influencer marketing', 'gaming', '+2 skills']",
210,Senior Technical Designer (Gamedev),https://hirify.me/jobs/440364-senior-technical-designer-gamedev,"['fulltime', 'senior']",Company hidden,2 hours ago,"['ai', 'scripting', 'c++', 'game design', 'unreal engine 5', '+2 skills']",
211,Vercel Development Representative (APAC),https://hirify.me/jobs/440363-vercel-development-representative-apac,"['remote (Global)/hybrid', 'Australia', 'fulltime', 'middle']",Company hidden,2 hours ago,"['crm', 'sales', 'lead generation', 'saas', 'web development', '+2 skills']",
212,Accounting Manager,https://hirify.me/jobs/440362-accounting-manager,"['remote (Global)', 'fulltime', 'middle']",Company hidden,2 hours ago,"['ai', 'accounting', 'automation', 'inventory management', 'cpa', '+5 skills']",
213,Senior Technical Recruiter,https://hirify.me/jobs/440361-senior-technical-recruiter-it,"['onsite', 'US', 'fulltime', 'senior']",Company hidden,2 hours ago,"['crm', 'sdlc', 'sourcing', 'ats', 'technical recruiting', '+3 skills']",
214,Staff Memory Circuit Design Engineer,https://hirify.me/jobs/440360-memory-circuit-design-engineer,"['onsite', 'US', 'fulltime', 'middle/senior']",Company hidden,3 hours ago,"['python', 'memory', 'dft', 'signal integrity', 'circuit design', '+3 skills']",['108 000 - 172 800\n$']
215,Inbound SMB Sales Specialist,https://hirify.me/jobs/440359-inbound-smb-sales-specialist,"['US', 'fulltime']",Company hidden,3 hours ago,"['crm', 'sales', 'b2b sales', 'lead generation', 'salesforce', '+2 skills']",
216,Sr. Software Engineer Fullstack (AI),https://hirify.me/jobs/440358-software-engineer-fullstack-ai,"['hybrid', 'US', 'fulltime', 'senior']",Company hidden,3 hours ago,"['ai', 'java', 'python', 'typescript', 'fullstack', '+3 skills']",['164 000 - 160 100\n$']
217,Principal Software Engineer,https://hirify.me/jobs/306228-principal-software-engineer,"['hybrid', 'US', 'fulltime', 'senior']",Company hidden,updated 3 hours ago,"['debugging', 'distributed systems', 'test design', 'performance analysis', 'software design']",
218,"Intern, Finance (Fintech)",https://hirify.me/jobs/440357-intern-finance-fintech,"['onsite', 'US', 'fulltime', 'trainee']",Company hidden,3 hours ago,"['excel', 'finance', 'powerpoint', 'google docs', 'google sheets', '+2 skills']",['4 160 - 4 576\n$']
219,Technical Project Manager (AI),https://hirify.me/jobs/440356-technical-project-manager-ai,"['remote (Global)', 'Philippines', 'fulltime', 'middle/senior']",Company hidden,3 hours ago,"['ai', 'ml', 'sql', 'excel', 'project management', '+2 skills']",
220,Strategic Account Executive (AI),https://hirify.me/jobs/440355-strategic-account-executive-ai,"['remote (Brazil)', 'Brazil', 'fulltime', 'middle/senior']",Company hidden,3 hours ago,"['sales', 'ai', 'english', 'cloud', 'api', '+2 skills']",
221,Fullstack Developer (AI),https://hirify.me/jobs/439323-fullstack-developer-ai,"['remote', 'Russia', 'fulltime', 'middle']",TrueSpace,3 hours ago,"['ai', 'redis', 'docker', 'typescript', 'websocket', '+3 skills']",
222,Enterprise Account Executive (AI),https://hirify.me/jobs/440354-enterprise-account-executive-ai,"['remote (Brazil)', 'Brazil', 'fulltime', 'middle/senior']",Company hidden,3 hours ago,"['sales', 'ai', 'english', 'cloud', 'api', '+2 skills']",
223,Staff Software Engineer (L4) Data Platform,https://hirify.me/jobs/440353-staff-software-engineer-data-platform,"['remote (USA)', 'US', 'fulltime', 'lead']",Company hidden,3 hours ago,"['java', 'python', 'kafka', 'etl', 'hadoop', '+7 skills']",['171 120 - 213 900\n$']
224,ServiceNow Solution Developer,https://hirify.me/jobs/440352-servicenow-solution-developer,"['remote (USA)', 'US', 'fulltime']",Company hidden,3 hours ago,"['servicenow', 'mdm', 'master data management']",['88 000 - 132 000\n$']
225,Salesforce Tech Administrator (ERP/CRM),https://hirify.me/jobs/440351-salesforce-tech-administrator-erp-crm,"['remote (Canada)', 'Canada', 'fulltime', 'middle']",Company hidden,3 hours ago,"['salesforce', 'data management', 'apex', 'cpq', 'soql', '+2 skills']",['90 800 - 113 500\nCAD']
226,Observability Engineer (Dynatrace),https://hirify.me/jobs/440347-observability-engineer-dynatrace,"['onsite', 'US', 'fulltime', 'middle']",Company hidden,3 hours ago,"['monitoring', 'ci cd', 'servicenow', 'dashboards', 'dynatrace', '+1 skills']",['99 000 - 114 000\n$']
227,Sr. Software Dev Engineer (AI),https://hirify.me/jobs/440345-software-dev-engineer-ai,"['US', 'fulltime', 'senior']",Company hidden,3 hours ago,"['ai', 'ml', 'software development', 'programming', 'design patterns', '+2 skills']",['168 100 - 227 400\n$']
228,Sr. Worldwide Specialist - Amazon Bedrock (AI),https://hirify.me/jobs/440344-worldwide-specialist-amazon-bedrock-ai,"['US', 'fulltime', 'senior']",Company hidden,3 hours ago,"['sales', 'ai', 'business development', 'machine learning', 'generative ai', '+2 skills']",['147 900 - 220 200\n$']
229,Senior Brand Designer,https://hirify.me/jobs/440343-senior-brand-designer-flexport,"['onsite', 'Mexico', 'project', 'senior']",Company hidden,3 hours ago,"['ai', 'figma', 'spanish', 'canva', 'google slides', '+4 skills']",
230,Sr. Software Dev Engineer (AI),https://hirify.me/jobs/440342-software-dev-engineer-ai,"['onsite', 'US', 'fulltime', 'senior']",Company hidden,3 hours ago,"['ai', 'software development', 'programming', 'aws', 'design patterns', '+2 skills']",['168 100 - 227 400\n$']
231,Lead Producer (Gamedev),https://hirify.me/jobs/440341-lead-producer-gamedev,"['hybrid/onsite', 'US', 'fulltime', 'lead']",Company hidden,3 hours ago,"['agile', 'game development', 'project management', 'jira', 'confluence', '+1 skills']",['143 000 - 218 500\n$']
232,Sde-Machine Learning (AI),https://hirify.me/jobs/440340-sde-machine-learning-ai,"['onsite', 'US', 'fulltime', 'middle/senior']",Company hidden,3 hours ago,"['ai', 'ml', 'python', 'machine learning', 'generative ai', '+1 skills']",['165 200 - 223 600\n$']
233,Sr. Software Dev Engineer (AI),https://hirify.me/jobs/440339-software-dev-engineer-ai,"['onsite', 'US', 'fulltime', 'senior']",Company hidden,3 hours ago,"['ai', 'software development', 'programming', 'aws', 'design patterns', '+3 skills']",['168 100 - 227 400\n$']
234,"Sr. Worldwide Specialist - Genai, Foundation Models, Data & Ai Gtm (AI)",https://hirify.me/jobs/440338-worldwide-specialist-genai-foundation-models,"['remote (USA)', 'US', 'fulltime', 'senior']",Company hidden,3 hours ago,"['ai', 'kubernetes', 'data', 'aws', 'genai', '+4 skills']",['162 700 - 242 200\n$']
235,MuleSoft Architect,https://hirify.me/jobs/440337-mulesoft-architect,"['onsite', 'US', 'fulltime', 'lead']",Company hidden,3 hours ago,"['security', 'api', 'salesforce', 'soap', 'rest', '+5 skills']",
236,Integrated Campaigns & Abm Lead (Ai),https://hirify.me/jobs/440336-integrated-campaigns-abm-lead-ai,"['fulltime', 'lead']",Company hidden,3 hours ago,"['crm', 'ai', 'hubspot', 'content strategy', 'startup', '+4 skills']",
237,"Sourcer, Forward Deployed Engineering (AI)",https://hirify.me/jobs/440335-sourcer-forward-deployed-engineering,"['hybrid', 'UK', 'fulltime', 'middle/senior']",Company hidden,3 hours ago,"['ai', 'machine learning', 'sourcing', 'ats', 'software engineering', '+2 skills']",
238,"Creative Director, Global Partnerships (AI)",https://hirify.me/jobs/440334-creative-director-global-partnerships-ai,"['hybrid', 'UK', 'fulltime', 'director']",Company hidden,3 hours ago,"['ai', 'content creation', 'storytelling', 'brand management', 'campaign management', '+2 skills']",
239,Alliance Partner Executive (Cybersecurity),https://hirify.me/jobs/440333-alliance-partner-executive-cybersecurity,"['onsite', 'US', 'fulltime', 'middle']",Company hidden,3 hours ago,"['sales', 'account management', 'saas', 'cybersecurity', 'mssp', '+1 skills']",['68 000 - 105 000\n$']
240,Chatgpt Consumer Product Marketing (AI),https://hirify.me/jobs/440332-chatgpt-consumer-product-marketing,"['US', 'fulltime']",Company hidden,3 hours ago,"['ai', 'marketing', 'product marketing', 'brand', 'go to market strategy', '+3 skills']",['221 000 - 245 000\n$']
241,Alliance Sales Manager (Cybersecurity),https://hirify.me/jobs/440331-alliance-sales-manager-cybersecurity,"['remote (Mexico)', 'Mexico', 'fulltime', 'middle']",Company hidden,3 hours ago,"['sales', 'account management', 'salesforce', 'saas', 'cybersecurity', '+1 skills']",
242,Principal Technical Product Manager (AI/ML),https://hirify.me/jobs/440330-principal-technical-product-manager-ai,"['remote (USA)', 'US', 'fulltime', 'senior']",Company hidden,3 hours ago,"['ai', 'product management', 'game development', 'llm', 'machine learning', '+2 skills']",
243,Product Analytics Lead (ATM),https://hirify.me/jobs/440329-product-analytics-lead-atm,"['onsite', 'Mexico', 'fulltime', 'lead']",Company hidden,3 hours ago,"['python', 'sql', 'r', 'tableau', 'superset', '+5 skills']",
244,Recruiting Coordinator,https://hirify.me/jobs/440328-recruiting-coordinator,"['onsite', 'US', 'fulltime', 'trainee/junior']",Company hidden,3 hours ago,"['google suite', 'hr', 'recruiting', 'ats', 'administrative support']",['52 000 - 62 400\n$']
245,Junior+ DevOps/SRE Engineer,https://hirify.me/jobs/439621-junior-devopssre-engineer,"['remote (Russia)', 'fulltime', 'junior']",OK,3 hours ago,"['python', 'linux', 'grafana', 'http', 'networking', '+7 skills']",['100 000 - 200 000\n₽']
246,Lead Generation Specialist (SaaS),https://hirify.me/jobs/402017-lead-generation-specialist-saas,"['remote', 'fulltime']",VAIZ.com,updated 3 hours ago,"['crm', 'b2b', 'lead generation', 'saas', 'apollo', '+2 skills']",
247,Business Development Manager,https://hirify.me/jobs/440327-business-development-manager,"['remote (Russia)/hybrid', 'Russia', 'fulltime', 'middle/senior']",OpenHiring,3 hours ago,"['sales', 'fintech', 'marketing', 'fmcg', 'marketplaces', '+4 skills']",['200 000\n₽']
248,Strategy & Activation Manager (Amazon Ads),https://hirify.me/jobs/440326-strategy-activation-manager-amazon-ads,"['remote (USA)', 'US', 'fulltime', 'middle']",Company hidden,3 hours ago,"['data analysis', 'dsp', 'ms excel', 'amazon ads', 'retail media', '+3 skills']",['90 000 - 110 000\n$']
249,Strategy & Activation Manager (Amazon Ads),https://hirify.me/jobs/440325-strategy-activation-manager-amazon-ads,"['remote (Global)', 'Canada', 'fulltime', 'middle/senior']",Company hidden,3 hours ago,"['data analysis', 'ecommerce', 'ms excel', 'amazon ads', 'retail media', '+2 skills']",['85 000 - 100 000\n$']
250,"Associate Director, Strategy",https://hirify.me/jobs/440324-associate-director-strategy,"['remote (USA)', 'US', 'fulltime', 'director']",Company hidden,3 hours ago,"['data analysis', 'communication skills', 'excel', 'account management', 'marketing strategy', '+2 skills']",['117 000 - 130 000\n$']
251,Strategy & Activation Manager (Amazon Ads),https://hirify.me/jobs/440323-strategy-activation-manager-amazon-ads,"['remote (USA)', 'US', 'fulltime']",Company hidden,3 hours ago,"['data analysis', 'ecommerce', 'ms excel', 'amazon ads', 'retail media', '+2 skills']",['90 000 - 110 000\n$']
252,"Mgr, Data Analytics",https://hirify.me/jobs/440322-data-analytics-manager,"['onsite', 'US', 'fulltime', 'lead']",Company hidden,3 hours ago,"['ai', 'excel', 'data visualization', 'kpi', 'power bi', '+3 skills']",['110 919 - 162 681\n$']
253,Senior Brand Designer,https://hirify.me/jobs/440321-senior-brand-designer,"['remote (USA)', 'US', 'fulltime', 'senior']",Company hidden,3 hours ago,"['ai', 'figma', 'visual design', 'startup', 'brand design', '+2 skills']",['170 000 - 180 000\n$']
254,Business Development Analyst (Fintech),https://hirify.me/jobs/440320-business-development-analyst-fintech,"['remote (USA)', 'US', 'fulltime', 'junior']",Company hidden,3 hours ago,"['fintech', 'business development', 'market analysis', 'financial modeling', 'crypto', '+3 skills']",
255,Site Reliability Engineer (Infrastructure and Security),https://hirify.me/jobs/440319-site-reliability-engineer-infrastructure,"['hybrid', 'US', 'fulltime', 'middle/senior']",Company hidden,3 hours ago,"['python', 'go', 'kubernetes', 'javascript', 'security', '+5 skills']",['151 000 - 191 000\n$']
256,Senior Product Manager (AI),https://hirify.me/jobs/440318-senior-product-manager-ai,"['hybrid', 'US', 'fulltime', 'senior']",Company hidden,3 hours ago,"['startup experience', 'ai', 'ml', 'data analysis', 'backend', '+4 skills']",['160 000 - 210 000\n$']
257,Account Executive (EdTech),https://hirify.me/jobs/440317-account-executive-edtech-sales,"['hybrid', 'US', 'fulltime', 'middle/senior']",Company hidden,3 hours ago,"['crm', 'sales', 'startup', 'edtech', 'higher education', '+1 skills']",['150 000 - 200 000\n$']
258,Senior Software Engineer (Frontend Focus),https://hirify.me/jobs/440316-senior-frontend-engineer-react,"['hybrid', 'US', 'fulltime', 'senior']",Company hidden,3 hours ago,"['ai', 'python', 'kotlin', 'typescript', 'mysql', '+5 skills']",['170 000 - 230 000\n$']
259,"Senior Software Engineer (Backend, Infrastructure Focus)",https://hirify.me/jobs/440315-senior-software-engineer-backend,"['hybrid', 'US', 'fulltime', 'senior']",Company hidden,3 hours ago,"['ai', 'python', 'backend', 'kotlin', 'mysql', '+6 skills']",['170 000 - 230 000\n$']
260,"Sr. Fraud, Waste, And Abuse Data Analyst (Healthcare)",https://hirify.me/jobs/440314-fraud-abuse-data-analyst-healthcare,"['remote (USA)', 'US', 'fulltime', 'senior']",Company hidden,3 hours ago,"['ai', 'python', 'sql', 'data analysis', 'r', '+4 skills']",['130 000 - 155 000\n$']
261,Cg Supervisor,https://hirify.me/jobs/440313-cg-supervisor-vfx-pipeline,"['hybrid', 'Canada', 'fulltime', 'senior/lead']",Company hidden,3 hours ago,"['python', 'scripting', 'maya', 'vfx', 'nuke', '+3 skills']",['143 000 - 165 000\n$']
262,Data Scientist,https://hirify.me/jobs/440312-data-scientist,"['onsite', 'US', 'fulltime', 'middle']",Company hidden,3 hours ago,"['python', 'data analysis', 'data science', 'r', 'etl', '+3 skills']",
263,Experience Associate (Retail),https://hirify.me/jobs/440311-experience-associate-retail,"['onsite', 'US', 'parttime']",Company hidden,3 hours ago,"['sales', 'customer service', 'retail', 'hair styling', 'children']",['15 - 17\n$']
264,American Girl Nashville Experienced Associate (Retail),https://hirify.me/jobs/440309-american-girl-retail-associate,"['onsite', 'US', 'parttime']",Company hidden,3 hours ago,"['sales', 'customer service', 'retail', 'hair styling', 'children']",['15 - 17\n$']
265,Operations Trainer,https://hirify.me/jobs/440308-operations-trainer,"['remote (USA)', 'US', 'fulltime', 'middle']",Company hidden,3 hours ago,"['training', 'startup', 'facilitation', 'coaching', 'insurance', '+1 skills']",['65 000 - 80 000\n$']
266,"Senior Business Partner, People & Culture",https://hirify.me/jobs/440307-senior-business-partner-people,"['hybrid', 'US', 'fulltime', 'senior']",Company hidden,3 hours ago,"['hr', 'employee relations', 'coaching', 'performance management', 'us employment law', '+1 skills']",['105 000 - 130 000\n$']
267,Client Success Manager (Medtech),https://hirify.me/jobs/440306-client-success-manager-medtech,"['onsite', 'US', 'fulltime', 'middle']",Company hidden,3 hours ago,"['customer service', 'account management', 'digital advertising', 'healthcare', 'client relationship']",['70 000 - 80 000\n$']
268,People & Culture Coordinator,https://hirify.me/jobs/440305-people-culture-coordinator-hr,"['onsite', 'US', 'fulltime', 'junior']",Company hidden,3 hours ago,"['hr', 'customer service', 'onboarding', 'data entry', 'hris', '+1 skills']",['57 595 - 60 017\n$']
269,Business Insurance Account Executive (AI),https://hirify.me/jobs/440304-business-insurance-account-executive,"['hybrid', 'US', 'fulltime', 'middle']",Company hidden,3 hours ago,"['crm', 'sales', 'ai', 'salesforce', 'insurance', '+1 skills']",['102 855 - 134 000\n$']
270,"Account Executive, Enterprise (AI/ML)",https://hirify.me/jobs/440303-account-executive-enterprise-ai-ml,"['onsite', 'US', 'fulltime', 'middle/senior']",Company hidden,3 hours ago,"['sales', 'ai', 'ml', 'data science', 'account management', '+3 skills']",['134 000 - 175 875\n$']
271,"Account Executive, Enterprise Growth (AI/ML)",https://hirify.me/jobs/440302-account-executive-enterprise-growth,"['onsite', 'US', 'fulltime', 'middle/senior']",Company hidden,3 hours ago,"['sales', 'ai', 'ml', 'data science', 'account management', '+4 skills']",['140 000 - 183 750\n$']
272,Sr. Partner Development Manager (Fintech),https://hirify.me/jobs/440301-partner-development-manager-fintech,"['onsite', 'US', 'fulltime', 'senior']",Company hidden,3 hours ago,"['sales', 'fintech', 'ai', 'business development', 'partnership', '+3 skills']",['165 200 - 216 825\n$']
273,Content & Social Media Editor Intern (Gamedev),https://hirify.me/jobs/440300-content-social-media-editor-gamedev,"['remote (USA)', 'US', 'fulltime', 'trainee']",Company hidden,4 hours ago,"['content creation', 'youtube', 'tiktok', 'social media', 'analytics', '+4 skills']",['18\n$']
274,"Technical Lead, Design Verification (AI)",https://hirify.me/jobs/440299-technical-lead-design-verification,"['onsite', 'US', 'fulltime', 'lead']",Company hidden,4 hours ago,"['ai', 'python', 'c++', 'ethernet', 'vcs', '+12 skills']",['158 600 - 237 600\n$']
275,Principal Solutions Engineer (Allegro Package Designer),https://hirify.me/jobs/420817-principal-apd-solutions-engineer,"['onsite', 'Brazil', 'fulltime', 'senior']",Company hidden,updated 4 hours ago,"['ipc', 'gds', 'dxf', 'package design', 'skill', '+3 skills']",
276,Sr. Staff Verification Engineer,https://hirify.me/jobs/440298-staff-verification-engineer-systemverilog-uvm,"['onsite', 'US', 'fulltime', 'senior']",Company hidden,4 hours ago,"['ai', 'python', 'c++', 'ethernet', 'vcs', '+12 skills']",['134 390 - 201 300\n$']
277,Sr. Staff Verification Engineer (AI),https://hirify.me/jobs/440297-sr-staff-verification-engineer,"['onsite', 'US', 'fulltime', 'senior/lead']",Company hidden,4 hours ago,"['ai', 'python', 'verification', 'soc', 'systemverilog', '+5 skills']",['134 390 - 201 300\n$']
278,Business Development Rep (Tech Sales),https://hirify.me/jobs/396912-business-development-rep-tech-sales,"['hybrid', 'US', 'fulltime', 'junior']",Company hidden,updated 4 hours ago,"['sales', 'communication skills', 'business development', 'english', 'spanish', '+2 skills']",['57 000 - 95 000\n$']
279,Principal Solutions Engineer (AI),https://hirify.me/jobs/420816-principle-integrity-solutions-engineer,"['onsite', 'Brazil', 'fulltime', 'senior']",Company hidden,updated 4 hours ago,"['english', 'yaml', 'portuguese', 'tcl', '2.5d', '+2 skills']",
280,Lead Solutions Engineer (SI/PI/Thermal Analysis),https://hirify.me/jobs/420815-principal-si-pi-thermal-engineer,"['onsite', 'Brazil', 'fulltime', 'lead']",Company hidden,updated 4 hours ago,"['portuguese', 'package design', 'pi', 'thermal analysis', 'cmos', '+5 skills']",
281,"Senior Engineering Manager, Builder Tools (AI)",https://hirify.me/jobs/440296-senior-engineering-manager-ai-tools,"['remote (USA)', 'US', 'fulltime', 'senior/lead']",Company hidden,4 hours ago,"['ai', 'backend', 'llm', 'platform', 'developer tools', '+4 skills']",['268 000 - 305 000\n$']
282,Mi Analyst (Business Analytics),https://hirify.me/jobs/440295-mi-analyst-business-analytics,"['onsite', 'Mexico', 'fulltime', 'middle']",Company hidden,4 hours ago,"['sql', 'data analysis', 'excel', 'powerpoint', 'tableau', '+2 skills']",
283,Mi Analyst (Business Analytics),https://hirify.me/jobs/440294-mi-analyst-business-analytics,"['onsite', 'Mexico', 'fulltime', 'middle']",Company hidden,4 hours ago,"['sql', 'analytics', 'excel', 'powerpoint', 'tableau', '+3 skills']",
284,Account Executive (SLED),https://hirify.me/jobs/440293-account-executive-sled-sales,"['onsite', 'US', 'fulltime', 'middle']",Company hidden,4 hours ago,"['sales', 'b2b', 'cloud', 'saas', 'cybersecurity', '+3 skills']",['113 000 - 180 000\n$']
